,p52,n,NOC,Title ,Additional Comments
1,,2194,,,
2,prefer not to say,93,,,
3,self employed,33,,,
4,retired,32,,,
5,teacher,29,4031,"Secondary School Teachers, 4032: Elementary school and kindergarten teachers. ",
6,sales,25,6421,Retail salespersons. ,
7,engineer,24,2131,"Civil Engineers, 21312: Mechanical Engineers, 2133: Electrical Engineers, 2134: Chemical Engineers",
8,student,23,,,
9,truck driver,17,7511,Transport Truck Drivers ,
10,carpenter,11,7271,Carpenters,
11,nurse,11,3012,"Registered nurses and registered psychiatric nurses, 3011: Nursing Co-ordinators and supervisors. There is an additional category 3233 - Licensed Practical Nurses. ",
12,registered nurse,11,3012,"Registered nurses and registered psychiatric nurses, 3011: Nursing Co-ordinators and supervisors",
13,accountant,10,1111,Financial Auditors and Accountants,
14,project manager,10,711,Construction Managers (identifies Construction Project Managers) ,
15,self-employed,10,,,
16,business owner,9,,,
17,enseignante ,9,4031,"Secondary School Teachers, 4032: Elementary school and kindergarten teachers. ",
18,lawyer,9,4112,Lawyers and Quebec Notaries ,
19,manager,9,125,"Other business services managers, ",
20,retail,9,6421,Retail salespersons. ,
21,electrician,8,7241,"Electricians (except industrial and power system), ",7242: Industrial Electricians 
22,professor,8,4011,University professors and lecturers,
23,software developer,8,2173,Software engineers and designers ,
24,management,7,125,"Other business services managers, various other kinds of managers, start with the code 01. ",
25,physician,7,3112,"General Practicioners,", 3111: Specialist Physicians 
26,administration,6,1221,Administrative Officers,
27,consultant,6,4161,Natural and applied science researchers,"Other areas i.e. 4163, 4164, 4165, 4166 apply to other areas of policy consulting. However, 2123 applies to consulting in the agriculture sector and 6561 refers to personal/social/image consulting. However, the 41 code covers the greatest number of consulting sections.  "
28,fonctionnaire,6,4168,Program officers unique to government ,
29,paramedic,6,3234,Paramedical Occupations ,
30,public servant,6,,,"public servant refers to the dedication and honorability of a worker, and doesn't specify any certain NOC category. "
31,agriculture,5,821,Managers in Agriculture,
32,artist,5,5136,"Painters, sculptors and other visual artists ",
33,banker,5,6235,Financial Sales Representatives: ,Exammple Titles include most roles and responsibilities of bank personnel. 
34,construction,5,7611,"Construction trades helpers and labourers,"," includes the job title, Construction labourer. "
35,educational assistant,5,4413,Elementary and Secondary School Teaching Assitants,
36,enseignante au secondaire,5,4031,Secondary School Teachers,
37,farmer,5,821,Managers in Agriculture,
38,graphic designer,5,5241,Graphic designers and illustrators ,
39,insurance,5,1312,"Insurance Adjusters and Claims Examiners, ",1313: Insurance Underwriters 
40,it,5,213,Computer and information systems managers,
41,analyst,4,2172,"Database analysts and data administrators, ",
42,contractor,4,7201,"Contractors and supervisors, maching, metal forming, shaping and erecting trades and related occupations ",
43,customer service,4,6611,Cashiers. ,"Also see: 6552,6551,"
44,educator,4,4031,Secondary School Teachers,Considering this to be a teacher. 
45,engineering,4,2131,Civil Engineer,
46,entrepreneur,4,,,
47,financial advisor,4,1114,Other financial officers ,
48,financial planner,4,1114,Other financial officers ,
49,heavy equipment operator,4,7521,Heavy Equipment Operators (Except Crane) ,
50,mechanic,4,7321,"Automotive Service Technicians, truck and bus mechanics and mechanical repairers ",
51,millwright,4,7311,Construction Millright and Industrial Mechanics ,
52,office manager,4,1221,1221: Administrative Officers,
53,school bus driver,4,7512,"Bus Drivers, Subway operators and other transit operators. ",
54,semi-retired,4,,,
55,social worker,4,4152,Social Worker,
56,administrative,3,1221,Administrative Officer,
57,analyste,3,2172,Analysts,
58,architect,3,2151,Architects,
59,autonome,3,,,
60,charpentier-menuisier,3,7271,Carpenter,
61,clerical,3,1221,Administrative Officer,
62,clerk,3,1221,Administrative Officer,
63,computer programmer,3,2174,Computer programmers and interactive media developers. ,
64,construction worker,3,7611,Construction trades helpers and labourers ,
65,counsellor,3,4153,"Famiily, marriage and other related counsellors",
66,don't know,3,,,
67,driver,3,7513,"Taxi and Limousine drivers and chauffeurs, 7514: Delivery and courier service drivers",
68,economist,3,4162,Economists and economic policy researchers and analysts ,
69,education assistant,3,4413,Elementary and secondary school teaching assitants,
70,enseignant,3,4031,Teachers ,
71,equipment operator,3,7521,Heavy Equipment Operators ,
72,home care worker,3,4412,"Home Support Workers, housekeepers and related occupations. ",
73,human resources,3,1223,Human Resources and Recruitment Officers,
74,infirmière,3,3012,Registered Nurses and Registeres Pssychiatric nurses ,
75,labourer,3,7612,Other trades helpers and labourers,
76,legal assistant,3,1242,Legal Administrative Assistants ,
77,musician,3,5133,Musicians and Singers,
78,oil and gas industry,3,8232,"Oil and Gas well drillers, servicers, testers and related workers. ",
79,paralegal,3,4211,Paralegal and related occupations,
80,policier,3,4311,Police Officers,
81,program manager,3,1221,Administrative officers,
82,realtor,3,6232,Real estate agents and salespersons ,
83,retraité,3,,Retired,
84,retraitée,3,,Retired,
85,school teacher,3,4031,Secondary School Teachers,
86,scientist,3,2121,Biologists and related Scientists ,
87,small business owner,3,125,Other business services managers,
88,technician,3,2242,Electronic service technicians (household and business equipment) ,"Includes a wide variety of different technicans, the 22 code however is relevant to Natural and applied sicences and related ocupations, which is the category in which most technicans reside (i.e. Chemical technicians, Biological, Geological, Forestry, Landscape,Mechanical, etc.) "
89,technicien,3,2242,Electronic service technicians (household and business equipment) ,
90,unemployed,3,,,
91,welder,3,7237,Welders and related machine operators,
92,actuary,2,2161,"Mathematicians, statisticians and actuaries ",
93,administrative assistant,2,1241,Administrative Assistants ,
94,administrator,2,1221,Administrative Officer,
95,agriculteur,2,821,Managers in Agriculture,
96,analyste en informatique,2,2171,Information Systems Analysts and Consultants ,
97,archivist,2,5113,Archivists ,
98,automotive technician,2,7321,"Automotive Service Technicians, truck and bus mechanics and mechanical repairers ",
99,avocate,2,4112,Lawyers and Quebec Notaries ,
100,biologist,2,2121,Biologists and Related Scientists ,
101,businessman,2,1122,Professional occupations in business management consulting ,
102,chemist,2,2112,Chemists,
103,college student,2,,,
104,commis d'entrepot,2,1522,Storekeepers and Partpersons ,
105,communication,2,1123,"Professional occupations in advertising, marketing and public relations ","These categories best encompass the aspects of ""communications"" "
106,consultant en informatique,2,213,Computer and information systems managers,
107,courtier immobilier,2,6232,Real estate agents and salespersons ,
108,customer service representative,2,6552,Other customer and information services representatives ,
109,designer,2,5243,"Theatre, fashion, exhibit and other creative designers ",
110,directeur général,2,621,Retail and Wholesale trade managers ,"""General Managers"" are typically in the retail/customer service industries"
111,educatrice,2,4031,Secondary School Teachers,
112,electrical engineer,2,2133,Electrical and electronics engineers,
113,électricien,2,7241,Electricians (except industrial and power system) ,
114,electronics technician,2,2242,Electronic service technicians (household and business equipment) ,
115,enseignant au secondaire,2,4031,Secondary School Teachers,
116,enseignante au primaire,2,4032,Elementary school and kindergarten teachers,
117,enseignante secondaire,2,4031,Secondary School Teachers,
118,federal public servant,2,4168,program officers unique to government ,
119,finance,2,1114,Other financial officers ,
120,financial services,2,1114,Other financial officers ,
121,flight attendant,2,6522,Pursers and Flight Attendants,
122,fonction publique,2,4168,Program officers unique to government ,
123,geologist,2,2113,Geoscientists and ocenographers,
124,gestionnaire,2,125,Other business services managers ,"""Managers"", Other Business Services provides a wide range of possible management positions that this individual may hold. "
125,healthcare,2,3414,Other assisting occupations in support of health services ,
126,information technology,2,213,Computer and information systems managers,
127,iron worker,2,7236,Ironworkers,
128,judge,2,4111,Judges,
129,laborer,2,7612,Other trades helpers and labourers,
130,labour,2,7612,Other trades helpers and labourers,
131,law enforcement,2,4311,Police Officers,
132,library assistant,2,1451,Library assitants and clerks ,
133,library technician,2,5211,Library and public archive technicians ,
134,maintenance,2,7621,Public works and maintenance labourers,
135,management consultant,2,1122,Professional occupations in business management consulting ,
136,mécanicien industriel,2,7301,"Contractors and supervisors, mechanic trades ",
137,mechanical engineer,2,2132,Mechanical Engineers,
138,médecin,2,3112,General practitioners and family physicians ,
139,medical doctor,2,3112,General practitioners and family physicians ,
140,military,2,4313,Non-commissioned ranks of the Canadian Armed Forces,
141,office clerk,2,1221,Administrative Officer,
142,operations manager,2,714,Facility operation and maintenance managers ,
143,peace officer,2,4311,Police Officers ,"According to Google, ""Peace Officers"" in Canada are police officers"
144,personal support worker,2,4412,"Home Support Workers, housekeepers and related occupations. ",
145,pipe fitter,2,7252,"Steamfitters, pipefitters and sprinkler system installers",
146,planificateur financier,2,1114,Other financial officers ,
147,professional,2,,,
148,psychologist,2,4151,Psychologist,
149,purchaser,2,1225,Purchasing agents and officers,
150,real estate appraiser,2,1314,"Assessors, valuators and appraisors ",
151,représentante,2,6411,Sales and Account Represenatives ,
152,sales rep,2,6421,Retail Salespersons ,
153,secrétaire,2,1414,Receptionists,
154,secretary,2,1414,Receptionists,
155,security guard,2,6541,Security guards and related security service occupations ,
156,semi retired,2,,,
157,service manager,2,714,Facility operation and maintenance managers ,
158,software engineer,2,2173,Software engineers and designers,
159,software manager,2,213,Computer and information systems managers,
160,stay at home mom,2,,,
161,supervisor,2,1211,"Supervisors, general office and administrative support workers ","Chose a supervisor posistion in a wide industry, also starts with the general 12 code. "
162,support worker,2,4412,"Home Support Workers, housekeepers and related occupations. ",
163,systems administrator,2,213,Computer and information systems managers,
164,technicienne comptable,2,1111,Financial auditors and Accountants,
165,travailleuse sociale,2,4152,Social Workers,
166,"""girl friday"" for a small business",1,1221,Administrative Officer,"""girl Friday"" refers to an office administrator or personal assistant "
167,911,1,1525,Dispatchers,
168,911 operator,1,1525,Dispatchers,
169,able seaman on a lake freigh8,1,7532,Water transport deck and engine room ,"Includes ""Able seaman/woman"" "
170,academic,1,4011,University professors and lecturers,
171,account manager,1,1114,Other financial officers ,
172,account payable clerk,1,1431,Accounting and Related Clerks,
173,account service representative,1,6552,Other customer and information services representatives ,
174,accountant cpa,1,1431,Accounting and Related Clerks,
175,accounting,1,1431,Accounting and Related Clerks,
176,accounting coordinator,1,1431,Accounting and Related Clerks,
177,accounts payable,1,1431,Accounting and Related Clerks,
178,accounts payable officer,1,1431,Accounting and Related Clerks,
179,accredited music therapist,1,3144,Other professional occupations in therapy and assessment,
180,acupuncturist and i work on medial cannabis farm,1,3232,Practitioners of natural healing ,
181,adjointe juridique,1,1242,Legal administrative Assistants ,
182,adjointe-administrative,1,1241,Administrative Assistant,
183,admin assistant,1,1241,Administrative Assistant,
184,administrateur informatique,1,2172,Database analysts and data adminstrators ,
185,administration assistant,1,1241,Administrative Assistant,
186,administration assistant in health care ( hospital),1,1241,Administrative Assistant,
187,administration éducation,1,422,School principals and administrators of elementary and secondary education. ,
188,administration part time retired from full time work,1,1221,Administrative Officer,
189,"administration, accountant",1,1221,Administrative Officer,
190,administration. réseau de la santé,1,1221,Administrative Officer,
191,administrations,1,1221,Administrative Officer,
192,administrative clerk,1,1221,Administrative Officer,
193,administrative department,1,1221,Administrative Officer,
194,administrative manager for a university,1,1221,Administrative Officer,
195,administrative officer,1,1221,Administrative Officer,
196,advocat,1,4112,Lawyers and Quebec Notaries ,
197,aeroplane pilot,1,2271,"Air pilots, flight engineers and flying instructors ",
198,aerospace engineer,1,2146,Aerospace engineers,
199,agent administratif pour ciusss,1,1221,Administrative Officer,
200,agent de bureau au gouvernement du québec.,1,4168,Program officers unique to government ,
201,agente administrative,1,1221,Administrative Officer,
202,agente administrative classe ii,1,1221,Administrative Officer,
203,agente au développement des affaires le groupe bocage,1,4163,Business development officers and marketing researchers and consultants ,
204,agente de bureau,1,1411,General office support workers,
205,agente de centre d'appels dans le ministere de la defense,1,6552,Other customer and information services representatives ,
206,agente de planification programmation recherche,1,1254,Statistical officers and related research support occupations ,
207,agricultrice,1,8431,General farm workers ,
208,agricultural sales,1,6221,Technical sales specialists - wholesale trade ,Includes sales of many agriculture based products i.e. Grain 
209,agriculture assistant,1,8431,General farm workers ,
210,agriculture labourer,1,8431,General farm workers ,
211,aide ã  domicile,1,4412,"home support workers, housekeepers and related occupations ",
212,air traffic specialist,1,2272,Air traffic controllers and related occupations ,
213,aircraft maintenance engineer,1,7315,Aircraft mechanics and aircraft inspectors ,
214,aircraft maintenance engineer apprentice,1,7315,Aircraft mechanics and aircraft inspectors ,
215,aircraft mechanic,1,7315,Aircraft mechanics and aircraft inspectors ,
216,alcohol and drug worker,1,4212,Social and Community service workers ,
217,amazon warehouse associate,1,7452,"Material Handlers, includes warehouseman/woman ",
218,analyste programmeur en informatique au gouvernement provincial.,1,2174,Computer programmers and interactive media developers. ,
219,"analyste, recherchiste",1,1254,Statistical officers and related research support occupations ,
220,animatrice de vie spirituelle et d'engagement communautaire,1,4413,elementary and secondary school teaching assitants,
221,applicateur cimentier,1,7611,Construction trades helpers and labourers ,
222,aquaculturalist,1,8613,Aquaculture and marine harvest labourers ,
223,aquatics recreation,1,5254,"Program leaders and instructors in recreation, sport and fitness, includes swimming instructor, lifeguard ",
224,architecte de solution,1,2151,Architects,
225,architectural technologist line cook,1,2251,Architectural technologists and technicians ,
226,arpenteur,1,2154,Land Surveyors ,
227,artiste,1,5136,"Painters, sculptors and other visual artists ",
228,assistant manager,1,621,"Retail and wholsale trade managers, include assitant manager- retail ",
229,assistante technicienne en laboratoire,1,3211,Medical laboratory technologists ,
230,aucun,1,,,
231,auto mechanic,1,7321,"Automotive service Technicians, truck and bus mechanics and mechanical repairers ",
232,automotive sales,1,6421,Retail Salespersons ,
233,auxiliaire familiale,1,,,
234,aviation -account manager,1,731,Managers in transportation ,
235,avocat,1,4112,Lawyers and Quebec Notaries ,
236,bank consultant,1,6235,Financial Sales Representatives,
237,banque,1,6235,Financial Sales Representatives,
238,banquière,1,6235,Financial Sales Representatives,
239,barber,1,6341,Hairstylists and barbers,
240,bibliothequere,1,5111,Librarian ,
241,biologist business owner,1,2121,Biologists and related Scientists ,
242,biologiste,1,2121,Biologists and related Scientists ,
243,biomedical engineering technologist,1,2148,"Other professional engineers, n.e.c. ",
244,boilermaker,1,7234,Boilermakers,
245,book-keeper,1,1311,Accounting technicians and bookkeepers,
246,bookseller,1,6421,Retail salespersons ,
247,border services officer,1,1228,"Employment insurance, immigration, border services and revenue officers",
248,branch manager at a financial institution,1,122,"Banking, credit and other investment managers",
249,brewer,1,9461,"Process control and machine operators, food and beverage processing ",
250,brigadière scolaire,1,6541,Security guards and related security service occupations ,
251,budget coordinator,1,1431,Accounting and Related Clerks,
252,building contractor,1,7204,"Contractors and supervisors, carpentry trades ",Includes form builders and framers. 
253,building technologist,1,2151,Architects,
254,bus driver,1,7512,"Bus drivers, subway operators and other transit operators. ",
255,business broker,1,1113,"Securites agents, investment dealers and brokers ",
256,business development,1,4163,Business development officers and marketing researchers and consultants ,
257,business development. sales business,1,4163,Business development officers and marketing researchers and consultants ,
258,business man,1,125,Other business services managers ,
259,"business man, truck driver, farmer",1,125,Other business services managers ,
260,business manager,1,125,Other business services managers ,
261,business owner (private college),1,125,Other business services managers ,
262,business owner insurance,1,125,Other business services managers ,
263,business transformation architect,1,1122,Professional occupations in business management consulting ,
264,buyer,1,1225,Purchasing agents and officers,
265,buyer / production coordinator,1,1225,Purchasing agents and officers,
266,bylaw officer,1,4423,"By-law enforcement and other regulatory officers, n.e.c. ",
267,cad operator draftsman,1,2253,Drafting technologists and technicians ,
268,"cadre dans la fonction publique fédérale, directeur adjoint",1,4168,Program officers unique to government ,
269,cafe and cafeteria worker,1,6711,"Food counter attendants, kitchen helpers, and related support occupations. ",
270,cahier,1,6611,Cashiers,
271,call business in telecom,1,6552,Other customer and information services representatives ,
272,camionneur,1,7511,Transport truck drivers ,
273,camionneur courte distance,1,7511,Transport truck drivers ,
274,"camionneur courte distance, locale",1,7511,Transport truck drivers ,
275,camionneur et agriculteur,1,7511,Transport truck drivers ,
276,canada post,1,1511,"Mail, postal and related workers ",
277,canada post employee,1,1511,"Mail, postal and related workers ",
278,car sales person,1,6421,Retail Salespersons ,
279,car tech with railroad,1,7531,Railway yard and track maintenance workers,
280,car-manufacturer (labourer),1,9522,"Motor vehicle assemblers, inspectors and testers",
281,care worker high school,1,4212,Social and community service workers ,
282,career counsellor,1,4033,Educational Counsellors ,
283,cariste,1,7452,Material Handlers ,Forklift truck operator 
284,carpentar,1,7271,Carpenters,
285,carpenter's apprentice,1,7271,Carpenters,
286,carpentry,1,7271,Carpenters,
287,carperter/scappler,1,7271,Carpenters,
288,carrosier,1,9522,"Motor vehicle assemblers, inspectors and testers","Includes ""Body Makers"""
289,cashier,1,6611,Cashiers,
290,casual teacher,1,4031,Teachers ,
291,cattle rancher full time canadian national railways.,1,821,Managers in agricultiure ,
292,cca activity director,1,13,"Senior managers- financial, communications and other business services ",
293,ceo,1,13,"Senior managers- financial, communications and other business services ",
294,ceo of a library,1,511,"Senior managers- financial, communications and other business services ",
295,certified professional accountant,1,1431,Accountants ,
296,chargé de projet dans une compagnie biomédicale,1,211,Engineering managers,
297,chargée de projet,1,711,0711: Construction Managers (identifies Construction Project Managers) ,
298,chauffeur d'autobus,1,7512,"Bus drivers, subway operators and other transit operators. ",
299,chauffeur de poid lourd,1,7511,Transport truck drivers ,
300,chauffeur routier,1,7511,Transport truck drivers ,
301,chef,1,6321,Chefs,
302,chef d'entreprise d'investissement immobilier,1,1113,"Securities agents, investment dealers and brokers",
303,"chef d'entreprise, dans la traduction ou correction d'épreuves",1,125,Other business services managers ,
304,chef de cuisine,1,6321,Chefs,
305,chef de division du système d'information,1,213,Computer and information systems managers,
306,chemical distributor supervisor,1,6221,Technical sales specialists - wholesale trade ,
307,chief engineer,1,211,Engineering managers,
308,chief technology officer,1,213,Computer and information systems managers,
309,chimiste,1,2112,Chemist ,
310,city planner,1,2153,Urban and land use planners,
311,civil engineering tech,1,2231,Civil engineering technologists and technicians ,
312,civil servant with dept of agriculture,1,4168,Program officers unique to government ,
313,civil service,1,4168,Program officers unique to government ,
314,claims administrator,1,1312,Insurance adjusters and claims examiners ,
315,class 1 driver,1,7511,Transport truck drivers ,
316,"class3 driver, heavy equipment",1,7521,Heavy Equipment Operators (except Crane) ,
317,clergy,1,4154,Professional occupations in religion ,
318,clergy (church minister),1,4154,Professional occupations in religion ,
319,clerical assistant,1,1241,Administrative Assistant,
320,client manager,1,13,"Senior managers - financial, communications and other business services",
321,client service,1,6552,Other customer and information services representatives ,
322,client service administration.,1,6552,Other customer and information services representatives ,
323,clinical counselor,1,4153,"Family, marriage and other related counsellors",
324,cnc mastercam programmer,1,2233,Industrial engineering and manufacturing technologists and technicians ,
325,coach,1,5252,Coaches,
326,col bleu,1,,,
327,college instructor,1,4021,College and other vocational instructors ,
328,college professor,1,4021,College and other vocational instructors ,
329,commercial building owner,1,1224,Property Adminstrators ,
330,commercial fisherman,1,8262,Fisherman/Women,
331,commis aux achats,1,1524,Purchasing and inventory control workers,
332,commis aux pièces,1,1522,Storekeepers and partpersons ,
333,commis comptable,1,1431,Accounting and related clerks,
334,commis d'épicerie,1,6611,Cashiers,
335,commis de bureau,1,1241,Administrative Assistant ,Includes Secretary-Clerk
336,communications,1,1123,"Professional occupations in advertising, marketing and public relations ",
337,communications manager,1,124,"Advertising, marketing and public relations managers",
338,communications officer,1,1123,"Professional occupations in advertising, marketing and public relations ",
339,community development,1,4212,Social and community service workers ,
340,community support worker,1,4212,social and community service workers ,
341,comptable,1,1431,Accountants ,
342,comptable agrée,1,1431,Accountants ,
343,computer consultant,1,2171,Information systems analysts and consultants ,"Includes Systems consultant, computer systems analyst "
344,computer engineer,1,2147,Computer engineers ,
345,computer technician,1,2171,Information systems analysts and consultants ,
346,conceptrice de reseau,1,2173,Computer Engineers and designers,
347,conseiller en santé et sécurité du travail,1,2263,Inspectors in public and environmental health and occupational healthy and safety ,
348,conseiller en voyage,1,6521,Travel Counsellors ,includes travel agent 
349,conseiller financier,1,1114,Other Financial Officers ,
350,conseillere amélioration processus,1,2233,industrial engineering and manufacturing technologists and technicians ,
351,conseillère d'orientation et aide pédagogique individuelle,1,4033,Educational Counsellors ,
352,conseillère en acquisition de talent,1,1223,Human resources and Recruitment Officers,
353,conseillère pédagogique,1,4033,Educational Counsellors ,
354,constable----works for the government,1,4311,Police officers,
355,construction company owner,1,16,"Senior managers - construction, transportation, production and utilities ",
356,construction estimater,1,2234,Construction estimator,
357,construction foreman,1,7205,"Contractors and supervisors, other construction trades, installers, repairers and servicers",
358,construction inspector,1,2264,Construction inspectors,
359,construction labor,1,7611,Construction trades helpers and labourers ,
360,construction manager,1,711,Construction manager ,
361,construction top man,1,711,Construction manager ,"""Top Man"" = Manager? "
362,construction trading laser,1,7611,Construction trades helpers and labourers ,
363,construction training coordinator,1,7611,Construction trades helpers and labourers ,
364,construction worker - residential,1,7611,Construction trades helpers and labourers ,
365,"construction worker. truck driver, musician",1,7611,Construction trades helpers and labourers ,
366,construction/ estimating,1,7611,Construction trades helpers and labourers ,
367,consultant - financial,1,1114,Other financial officers ,
368,consultant - unexploded bombs.,1,4311,police officers,"unexploded bombs are likely to be handled by law enforcement, or other specialized forces"
369,consultant a mon compte,1,6564,Other personal service occupations ,"includes a variety of different ""consultants"" "
370,consultant fiabiliste,1,6564,other personal service occupations ,"includes a variety of different ""consultants"" "
371,consultant health professional,1,4165,"Health policy researchers, consultants and program officers ",
372,consultant human resources,1,1121,Human resources professionals ,
373,consultant in oil & gaz,1,8222,"Contractors and supervisors, oil and gas drilling and services ","Includes oil field consultant, direct drilling consultant, etc. "
374,"consultant, retired from federal government.",1,4164,"Social policy researchers, consultants and program officers ",Assumed that the consulting was done within the federal government sector 
375,consumer service technician,1,6552,Other customer and information services representatives ,
376,contract worker,1,7205,"Contractos and supervisors, other construction trades installers, repairers and servicers",
377,contractor - construction - window,1,7205,"Contractors and supervisors, other construction trades, installers, repairers and servicers",
378,contractor renovator,1,7205,"Contractors and supervisors, other construction trades, installers, repairers and servicers",
379,contractor sales,1,7205,"Contractors and supervisors, other construction trades, installers, repairers and servicers",
380,contremaître de production,1,7205,"Contractors and supervisors, other construction trades, installers, repairers and servicers",
381,controle in a construction company,1,7205,"Contractors and supervisors, other construction trades, installers, repairers and servicers",
382,contruction foreman,1,7205,"Contractors and supervisors, other construction trades, installers, repairers and servicers",
383,cook in a long term care facility for seniors,1,6322,Cooks,
384,"cook, student",1,6322,Cooks,
385,coordonnateur de production,1,1523,Production logistics co-ordinators ,
386,coordonnatrice administration,1,1221,Administrative officers,
387,coordonnatrice aux opérations,1,114,Other administrative services managers ,
388,correctional officer,1,4422,Correctional service officers,
389,counselor,1,4153,"Family, marriage and other related counsellors",
390,courrier,1,1513,"Couriers, messengers and door-to-door distributors",
391,creative director,1,5226,"Other technical and co-ordinating occupations in motion pictures, broadcasting and the performing arts ",
392,credit card associate,1,6235,Financial sales Representatives,
393,criminal investigator,1,431,Commissioned Police Officers ,
394,cuisinier,1,6322,Cooks,
395,cuisinière,1,6322,Cooks,
396,custodial,1,6733,"Janitors, caretakers and building superintendents ",
397,custodial services,1,6733,"Janitors, caretakers and building superintendents ",
398,custodian,1,6733,"Janitors, caretakers and building superintendents ",
399,customer service manager,1,621,Retail and wholsale trade managers ,Includes customer service manager
400,customer service rep,1,6552,Other customer and information services representatives ,
401,customer service representative at bank of nova scotia,1,6235,Financial sales Representatives,
402,customer services on the phone,1,6552,Other customer and information services representatives ,
403,customers service,1,6552,Other customer and information services representatives ,
404,cybersecurity analyst,1,2171,Information systems analysts and consultants ,
405,dairy farmer,1,821,Managers in agriculture,
406,dans le domaine de la santé,1,3414,Other assisting occupations in support of health services ,
407,dans le domaine de ladministration et medias sociaux,1,1123,"Professional occupations in advertising, marketing and public relations ",
408,data analyst,1,2172,Database analysts and data adminstrators ,
409,database administrator,1,2172,Database analysts and data adminstrators ,
410,daycare educator,1,4214,early childhood educators and assistants,
411,debt collection agent,1,1435,Collectors,
412,deckhand,1,7532,Water transport deck and engine room crew,
413,delivery driver,1,1513,"Couriers, messengers and door-to-door distributors",
414,demographe,1,2161,"Mathematicians, statisticians and actuaries ",includes demographer
415,dental assistant with provincial government,1,3411,Dental assistants,
416,dental hygienist,1,3222,Dental hygienists and dental therapists,
417,dental therapist,1,3222,Dental hygienists and dental therapists,
418,dentiste,1,3113,Dentists,
419,department manager,1,114,Other administrative services managers ,
420,dept of national defence,1,4168,Program officers unique to government ,"""Collect, monitor and analyze international pressures, issues and communications and brief on intelligence and security matters"""
421,designer (manage) president of a company,1,124,"Advertising, marketing and public relations managers",
422,designer industriel,1,2252,Industrial designers,
423,développement durable,1,411,"Government managers, health and social policy development and program administration ","These are the actors most likely responsible for ""sustainable development"" "
424,développeur logiciel,1,2174,Computer programmers and interactive media developers. ,
425,développeur web,1,2174,Computer programmers and interactive media developers. ,
426,diabetes educator,1,3414,Other assisting occupations in support of health services ,
427,dietrist,1,3132,Dietitians and nutritionists,
428,digital media editor and statistician,1,2161,"Mathematicians, statisticians and actuaries ",
429,directeur de commerce électronique,1,124,"advertising, marketing and public relations managers",Actually includes Electronic Business Managers
430,directeur des ventes,1,621,Retail and wholsale trade managers ,
431,directeur general,1,125,Other business service managers,
432,directeur régionale,1,125,Other business service managers,
433,directional driller,1,7372,"Drillers and blasters - surface mining, quarrying and construction ",
434,director ngo,1,14,"Senior Managers - health, eduction, social and community services and membership organizations ",Includes Non-governmental organization executive director
435,director of community economic deveopment,1,14,"Senior Managers - health, eduction, social and community services and membership organizations ","Includes director general - health, education, social and community services and membership organizations"
436,director of health care company,1,14,"Senior Managers - health, eduction, social and community services and membership organizations ","Includes director general - health, education, social and community services and membership organizations"
437,director of operations,1,114,Other administrative services managers ,Operations director - administrative services 
438,director research and innovation,1,212,Architecture and science managers ,includes Director of research 
439,directrice d'un département,1,1221,Administrative officers,
440,directrice des achats,1,113,Purchasing Managers,
441,directrice des opérations accessoires auto,1,621,Retail and whoesale trade managers ,
442,directrice en cpe,1,114,Other administrative services managers ,
443,disability,1,,,
444,disclosure facilitator - government,1,4168,Program officers unique to government ,
445,display carpenter,1,7271,Carpenters,
446,dock worker,1,7533,Boat and cable ferry operators and related occupations ,
447,doctor,1,3112,General practitioners and family physicians ,
448,doctor of medicine,1,3112,General practitioners and family physicians ,
449,doctoral candidate in medical science,1,,,
450,driver for a trucking company,1,7511,Transport truck drivers ,
451,driving instructor,1,4216,Oher instructors ,includes driving instructor 
452,early childhood educator 12 weeks old to 12 years old.,1,4214,Early childhood educators and assistants,
453,ece,1,4214,Early childhood educators and assistants,
454,économiste,1,4162,Economists and economic policy researchers and analysts ,
455,editor,1,5122,Editors,
456,éducation - niveau collégial,1,,,
457,education assistant.,1,4413,Elementary and secondary school teacher assistants,
458,educational assistant in a high school.,1,4413,Elementary and secondary school teacher assistants,
459,educational consultant,1,4166,"Education policy researchers, consultants and program officers",
460,éducatrice,1,4032,Elementary school and kindergarten teachers ,
461,éducatrice ã  l'enfance,1,4032,Elementary school and kindergarten teachers ,
462,educatrice cpe,1,4032,Elementary school and kindergarten teachers ,
463,éducatrice en service de garde,1,4214,Early childhood educators and assistants,
464,eeg/emg technologist,1,3217,Cardiology technologists and electro physiological diagnostic technologists,
465,élagueur,1,8422,Silviculture and forestry workers,Includes Tree Pruner 
466,electrical contractor,1,7202,"Contractors and supervisors, electrical trades and. Telecommunications occupations ",
467,electrican,1,7241,Electricians ,
468,electromécanicienne,1,2241,Electrical and electronics engineering technologists and technicians ,Includes various example titles that entail electronic mechanics/engineering/design
469,electronics,1,2241,Electrical and electronics engineering technologists and technicians ,
470,electronics technologist,1,2241,Electrical and electronics engineering technologists and technicians ,
471,électrotechnicienne,1,2133,Electrical and electronics engineers,
472,emergency manager,1,414,Other Managers in Public Administration ,"Emergency management co-ordination, emergency measures manager "
473,employé du gouvernement provincial,1,4168,Program officers unique to government ,Includes various govrernmental roles 
474,employé municipal,1,4168,Program officers unique to government ,
475,employee of the federal government,1,4168,Program officers unique to government ,
476,engine inspector,1,9522,"Motor vehicle assemblers, inspectors and testers ",
477,engineering manager,1,211,Engineering managers,
478,engineering technologist,1,2231,Civil engineering technologists and technicians ,
479,enseignant au collégial,1,4021,College and other vocational instructors ,
480,enseignant secondaire,1,4021,College and other vocational instructors ,
481,enseignante au collégial,1,4021,College and other vocational instructors ,
482,enseignante éducation des adultes,1,4021,College and other vocational instructors ,
483,entrepreneur dans la construction,1,7205,"Contractors and supervisors, other construction trades, installers, repairers and servicers ",
484,entrepreneur en construction,1,7205,"Contractors and supervisors, other construction trades, installers, repairers and servicers ",
485,environmental and geo non profit,1,4161,"Natural and applied science policy researchers, consultants and program officers",Includes managers of Non-Profit Organizations
486,environmental consultant,1,4161,"Natural and applied science policy researchers, consultants and program officers",
487,environmental services consultant,1,4161,"Natural and applied science policy researchers, consultants and program officers",
488,"environmental, technician",1,2231,Civil engineering technologists and technicians ,Includes environmental technician 
489,environnement,1,4161,"Natural and applied science policy researchers, consultants and program officers",
490,esthéticienne,1,6562,"Esthetician’s, electrologists and related occupations. ",
491,estimateur en construction,1,2234,Construction estimators,
492,etudiant,1,,,
493,étudiant,1,,,
494,etudiant a temps plein et service a la clientele,1,6421,Retail salespersons ,Includes a large variety of customer service occupations 
495,étudiante,1,,,
496,évaluateur agréé (immeuble),1,1314,"Assessors, valuations and appraisers",
497,ex- pipeline laborer,1,8412,Oil and gas well drilling and related workers and services operators ,
498,executive assistant for non-profit,1,1222,Executive assistants ,
499,executive assistant to cao,1,1222,Executive assistants ,
500,fabrication,1,7235,Structural metal and plate work fabricators and fitters,
501,faculty developer,1,4166,"Education policy researchers, consultants and program officers",Faculty Developers are responsbile for building strong foundations for our educational systems 
502,faire des cercueuil,1,9532,Furniture and Fixture Assemblers and Inspectors ,Coffin and Casket fitter 
503,family physician,1,3112,General practitioners and family physicians ,
504,"farm, teach riding horses",1,8431,General farm workers ,
505,farmer cattles,1,8431,General farm workers ,
506,farmers,1,8431,General farm workers ,
507,farming - basicly retired,1,8431,General farm workers ,
508,farming forage,1,8431,General farm workers ,
509,fast food restaurant manager,1,631,Restaurant and food service managers,
510,federal employee,1,4168,Program officers unique to government ,
511,federal government employee,1,4168,Program officers unique to government ,
512,femme ã  la maison,1,,,
513,film and tv producer,1,5131,"Producers, directors, choreeographers and related occupations. ",
514,film editor/movie editor (freelance),1,5122,Editors,
515,film maker,1,5131,"Producers, directors, choreeographers and related occupations. ",
516,film technician,1,5131,"Producers, directors, choreeographers and related occupations. ",
517,financial advisor to business owners,1,1114,Other financial Officers ,
518,financial analyst / accountant,1,1111,Financial Auditors and Accountants,
519,financial coach,1,1114,Other Financial Officers ,Financial Planner/Services Consultant
520,financial manager,1,111,Financial Manager ,
521,financial planning,1,1114,Other Financial Officers ,
522,financial services officer,1,1114,Other Financial Officers ,
523,firefighter/paramedic,1,4312,Firefighters,
524,fisherman,1,8262,Fishermen/women,
525,fitness instructor and personal training,1,5254,"Program leaders and instructors in recreation, sport and fitness",
526,flager,1,7611,Construction trades helpers and labourers ,
527,floor covering,1,7295,Floor covering installers,
528,fonctionnaire fédéral,1,4168,Program officers unique to government ,
529,food service,1,6711,"Food counter attendants, kitchen helpers, and related support occupations. ",
530,foreman,1,7205,"Contractors and supervisors, other construction trades, installers, repairers and servicers",
531,forensic accountant,1,1111,Financial Auditors and Accountants,
532,forest technician,1,2223,Forestry technologists and technicians ,
533,forestry,1,2223,Forestry technologists and technicians ,
534,fork lift operator,1,7452,Material handlers,
535,forklift driver,1,7452,Material handlers,
536,formateur et leader en assurance qualité,1,2233,Industrial engineering and manufacturing technologists and technicians ,Includes quality assurance technologist 
537,formation dans mon entreprise pour devenir imprimeure,1,9619,"Other labourers in processing, manufacturing and utilitires ",Printing 
538,fracker,1,8412,Oil and gas well drilling and related workers and services operators ,Includes Fracturing
539,freelance violinist/education associate for the national arts center of canada,1,5133,Musicians and singers,
540,"freelance, sales rep, stay at mom, advertising",1,1123,"Professional occupations in advertising, marketing and public relations ",
541,freight forwarder,1,1215,"Supervisors, supply chain, tracking and scheduling, coordination occupations ","includes freight forwarding logistician, supervisor, technician, "
542,frigoriste,1,7332,Appliance servicers and repairers ,
543,"frontline worker, educator",1,4216,Other instructors ,
544,frunace oil delivery driver,1,7514,Delivery and courier service drivers,
545,fuel truck driver,1,7511,Transport Truck Drivers ,
546,full time foster parent & part time businesses owner,1,125,Other business services Managers,
547,full time student,1,,,
548,fundraiser,1,1123,"Professional occupations in advertising, marketing and public relations ",Includes Fundraiser 
549,funeral director,1,6346,Funeral Directors and embalmers,
550,gas station supervisor,1,621,Retail and wholesade trade managers,
551,gas technician,1,7253,Gas Fitters ,Includes gas technician 
552,general manager - paper mill,1,911,Manufacturing managers,
553,general manager of finance,1,111,Financial Managers,
554,"general manager, media corporation",1,512,"Managers - publishing, motion picturs, broadcasting and performing arts ",
555,geotechnical engineer,1,2144,Geological engineers ,Includes geotechnical engineer 
556,gestion,1,125,Other business services Managers,
557,gestionnaire aéronautique,1,731,Managers in Transportation ,
558,gestionnaire d'équipe dans le domaine de la santé,1,311,Managers in Health Care ,
559,gestionnaire dans le domaine funéraire,1,6346,Funeral Directors and embalmers,
560,gestionnaire en alimentation,1,631,Restaurant and food service managers,
561,gestionnaire en tourisme,1,412,"Government managers - economic analysis, policy development and program administration ",includes tourism development manager
562,gestionnaires dans un cabinet d'assurance,1,121,"Insurance, real estate and financial brokerage managers ",
563,gm of a hotel. teacher.,1,632,Accommodation service managers ,
564,goldsmith,1,5244,Artisans and craftspersons ,
565,golf course maintenance,1,8612,Landscaping and grounds maintenance labourers,
566,gouvernement du canada,1,4168,Program officers unique to government ,
567,government admin,1,4168,Program officers unique to government ,
568,government clerk,1,4168,Program officers unique to government ,
569,government employee in it,1,4168,Program officers unique to government ,
570,government manager,1,411,"Government managers - economic analysis, policy development and program administration ",
571,government policy,1,411,"Government managers - economic analysis, policy development and program administration ",
572,government senior manager,1,12,Senior government managers and officials ,
573,government worker,1,4168,Program officers unique to government ,
574,graduate student,1,,,
575,"graduate student, social worker",1,4152,Social Workers,
576,graphiste et postière,1,5241,Graphic designers and illustrators ,
577,grocery /retail,1,6622,"Store shelf stockers, clerks and order fillers ",
578,grocery clerk,1,6622,"Store shelf stockers, clerks and order fillers ",
579,grocery store,1,6622,"Store shelf stockers, clerks and order fillers ",
580,groundskeeper,1,8612,Landscaping and grounds maintenance labourers,
581,hairdresser,1,6341,Hairstylists and barbers,
582,hat design,1,5243,"Theatre, fashion, exhibit and other creative designers ",
583,health and safety,1,2263,Inspectors in public and environmental health and occupational healthy and safety ,
584,health and safety consultant,1,2263,Inspectors in public and environmental health and occupational healthy and safety ,
585,health care,1,3414,Other assisting occupations in support of health services ,
586,health care aide,1,3413,"Nurse aides, orderlies and patient service associates ",
587,health care coordinator,1,3414,Other assisting occupations in support of health services ,
588,health care manager,1,311,Managers in Health Care ,
589,health care provider,1,3414,Other assisting occupations in support of health services ,"Fair to say ""Health Care Provider"" might mean physician? "
590,health clerk,1,1252,Health information management occupations ,
591,health records clerk,1,1252,Health information management occupations ,
592,"health, safety and environmental manager",1,112,Human resources managers,
593,healthcare administration,1,1243,Medical administrative assistants,
594,heavy equipment operator and self employed,1,7521,Heavy Equipment Operators (except Crane) ,
595,high performance adviser,1,2233,Industrial engineering and manufacturing technologists and technicians ,"""High performance advisor"" seems akin to ""quality assurance"" "
596,high school teacher,1,4031,Secondary School Teachers ,
597,"higher education, post secondary adminstartion",1,1221,Administrative Officers,
598,highway maintenance worker,1,7621,Public works and maintenance labourers,
599,home support worker working with seniors and disabled,1,4412,"Home support workers, housekeepers and related occupations. ",
600,homecare provider,1,4412,"Home support workers, housekeepers and related occupations. ",
601,homeshare provider/caregiver,1,4412,"Home support workers, housekeepers and related occupations. ",
602,homme de cour,1,1227,Court officers and justices of the peace ,
603,hospital staff,1,3413,"Nurse aides, orderlies and patient service associates ",
604,hospitality manager,1,631,Restaurant and food service managers,
605,host at restaurant,1,6711,"Food counter attendants, kitchen helpers, and related support occupations. ",
606,house cleaner,1,6731,Light duty cleaners,
607,house keeper,1,6731,Light duty cleaners,
608,housekeeper,1,6731,Light duty cleaners,
609,housekeeper in a long term care,1,6731,Light duty cleaners,
610,housewife,1,,,
611,hr,1,1121,Human Resources Professionals ,
612,hr manager,1,112,Human resources managers,
613,human resource analyst,1,1121,Human Resources Professionals ,
614,human resource professiona;,1,1121,Human Resources Professionals ,
615,human resources admin,1,1121,Human Resources Professionals ,
616,human resources business partner,1,1121,Human Resources Professionals ,
617,human resources coordinator,1,1121,Human Resources Professionals ,
618,human rights adviser (civil servant),1,4164,"Social policy researchers, consultants and program officers ",
619,hvac and control technician,1,7313,"Heating, refrigeration and air conditioning mechanics",
620,i quit my job 2 days ago,1,,,
621,i work at the gas station,1,6621,Service station attendants ,
622,i work for a banker. personal banker,1,1114,Other financial Officers ,
623,i work in the governemtn,1,4168,program officers unique to government ,
624,illustrator,1,5241,Graphic designers and illustrators ,
625,in construction,1,7611,Construction trades helpers and labourers ,
626,in management,1,114,Other adminstrative services managers ,Chose a wide management category 
627,independant business owner,1,125,Other Business services Managers,"According to research, this cateogry was created to also include sole proprietors and other business owners "
628,infirmière auxiliaire,1,3012,Registered nurses and registered psychiatric nurses,
629,infirmière en psychiatrie,1,3012,Registered nurses and registered psychiatric nurses,
630,informaticien,1,2147,Computer Engineers ,
631,information systems and software (computer science),1,2173,Software engineers and designers,
632,information terchnology,1,2171,Information systems analysts and consultants ,
633,ingénieur,1,2131,Civil Engineers,
634,ingénieur aéronautique,1,2146,Aerospace engineers,
635,ingénieur aérospatial,1,2146,Aerospace engineers,
636,ingénieur en automatisation,1,2132,Mechanical Engineers,
637,inhome care giver,1,4412,"Home support workers, housekeepers and related occupations. ",
638,inspecteur en environnement pour le ministère de l'environnement et de la lutte aux changements climatiques du québec.,1,2263,Inspectors in publis and environmental health and occupational health and safety ,
639,installer,1,7612,Other trades helpers and labourers,
640,instructional assistant,1,4413,Elementary and secondary school teacher assistants,
641,instructor,1,4216,Other Instructors ,
642,instrument mechanic,1,2243,Industrial instrument technicians and mechanics,
643,instrumentation technologist,1,2243,Industrial instrument technicians and mechanics,
644,insurance adjuster,1,1312,Insurance adjusters and claims examiners,
645,insurance adjuster and retired military,1,1312,Insurance adjusters and claims examiners,
646,insurance broker,1,6231,Insurance agents and brokers,
647,interior designer,1,5242,Interior designers and interior decorators ,
648,intern excursive director of a museum gallery,1,511,"Library, archive, museum and art gallery managers ",
649,international tax accountant,1,1111,Financial Auditors and Accountants,
650,intervenant,1,4152,social workers,
651,intervenant sociale,1,4152,social workers,
652,inventory analyst,1,1524,Purchasing and inventory control workers,
653,investigation,1,4311,Police Officers,
654,investment advisor,1,1114,Other Financial Officers ,
655,investment advisor & business owner,1,1114,Other Financial Officers ,
656,investment assistant,1,1114,Other Financial Officers ,
657,investment professional,1,1114,Other Financial Officers ,
658,it admin,1,2171,Information systems analysts and consultants ,
659,it consultant,1,2171,Information systems analysts and consultants ,
660,it developer,1,2171,Information systems analysts and consultants ,
661,it manager,1,213,Computer and information systems managers,
662,it programmer,1,2174,Computer programmers and interactive media developers. ,
663,it project coordinator,1,213,Computer and information systems managers,
664,it specialist,1,2171,Information systems analysts and consultants ,
665,it system engeneer,1,2171,Information systems analysts and consultants ,
666,it team lead,1,213,Computer and information systems managers,
667,janitor,1,6733,"Janitors, caretakers and building superintendents ",
668,jardinière horticultriste paysagiste ecologique,1,8432,Nursery and greenhouse workers,
669,jounalier en alimentation,1,7514,Delivery and courier service drivers,"This translation is ""Food Daily"", I am assuming it is meant to say Food Delivery "
670,jounalisme,1,5123,Journalists,
671,journalist,1,5123,Journalists,
672,"journaliste a la pige , retraité",1,5123,Journalists,
673,journeyman ironworker,1,7236,Ironworkers,
674,journeyman welder,1,7237,Welders and related machine operators,
675,laboratory assitant,1,3212,Medical laboratory technicians and pathologist's assistants. ,"""32"" is the starting code for labrotory assistants in a variety of fields. "
676,labour work,1,7611,Construction trades helpers and labourers ,
677,labourer /construction,1,7611,Construction trades helpers and labourers ,
678,"labourer, fish plant worker",1,9463,Fish and seafood plant workers,
679,labourer,1,7611,Construction trades helpers and labourers ,
680,labrador,1,,,
681,landscape consultant,1,2225,Landscape and horticulture technicians and specialists,
682,landscaping,1,2225,Landscape and horticulture technicians and specialists,
683,laser operator,1,7237,Welders and related machine operators,Includes Laser welder operator
684,lawier,1,4112,Lawyers and Quebec Notaries ,
685,lawyer mediator,1,4112,Lawyers and Quebec Notaries ,
686,layout,1,,,
687,legal bookeeper,1,1311,Accounting technicians and bookkeepers,
688,legal translator,1,5125,"Translators, terminologists and interpretors",
689,letter courrier for canada post,1,1512,Letter carriers,
690,librarian,1,5111,Librarians,
691,licensed practical nurse,1,3233,Licensed practical nurses,
692,lobeiste,1,4164,"Social policy researchers, consultants and program officers ","""Lobbyist"" "
693,logger,1,8616,Logging and forestry labourers,
694,logging,1,8616,Logging and forestry labourers,
695,long distance truck driver,1,7511,Transport truck drivers ,
696,lumber industry - mill worker,1,8616,Logging and forestry labourers,
697,machine operator,1,9417,Machining tool Operators ,
698,machinist,1,7231,Machinists and machining and tooling inspectors,
699,magasignier/ventes internes,1,1522,Storekeepers and partspersons,
700,mail carrier,1,1512,Letter carriers,
701,maintenance man in a flour manufacturer,1,7621,Public works and maintenance labourers ,
702,maintenance superintendent - sawmill,1,714,Facility operation and maintenance managers ,
703,maintenance supervisor,1,714,Facility operation and maintenance managers ,
704,management - engineering,1,211,Engineering Managers,
705,management in retail,1,621,Retail and wholsale trade managers ,
706,"management, business owner.",1,621,Retail and wholsale trade managers ,Picked a management sector with a wide range of potential career options
707,manager at a cemetary + night security,1,714,Facility operation and maintenance managers ,
708,manager at a financial services company.,1,122,"Banking, credit and other investment managers ",
709,manager at air canada,1,731,Manager in Transportation ,
710,manager in retail store,1,621,Retail and wholsale trade managers ,
711,manager insurance industry,1,121,"Insurance, Real estate and financial brokerage managers ",
712,manager of a medical clinic,1,311,Managers in Health Care ,
713,manager of operations,1,710,Facility operation and maintenance managers ,
714,"manager, data management company",1,213,Computer and information systems managers,
715,manger of pharmaceutical company,1,621,Retail and wholsale trade managers ,
716,manger residential support,1,4412,"Home Support workers, housekeepers and related occupations. ",
717,manoeuvre spésialisé,1,,,"""Specialized Manouvre"" "
718,marchandiseur,1,6222,Retail and wholesale buyers,
719,marketing,1,1123,"Professional occupations in advertising, marketing and public relations ",
720,marketing and communications,1,1123,"Professional occupations in advertising, marketing and public relations ",
721,marketing director,1,124,"Advertising, marketing and public relations managers",
722,marketing leader,1,124,"Advertising, marketing and public relations managers",
723,marketing manager,1,124,"Advertising, marketing and public relations managers",
724,massage therapist,1,3236,Massage Therapists,
725,massothérapeute,1,3236,Massage Therapists,
726,materials handler,1,7452,Material Handlers,
727,md,1,3112,General Practitioners and family physicians ,
728,mecanicien,1,7321,"Automotive service technicians, truck and bus mechanics and mechanical repairers ",
729,mécanicien,1,7321,"Automotive service technicians, truck and bus mechanics and mechanical repairers ",
730,mecanicien automobile,1,7321,"Automotive service technicians, truck and bus mechanics and mechanical repairers ",
731,"mecanicien,",1,7321,"Automotive service technicians, truck and bus mechanics and mechanical repairers ",
732,mecanien industriel construction,1,7311,Construction millwrights and industrial mechanics,
733,mechanical designer engineering,1,2132,Mechanical Engineers,
734,mechanical technician,1,2232,Mechanical Engineering technologists and technicians ,
735,medecin,1,3112,General practitioners and family physicians ,
736,medical administrator,1,1243,Medical administrative assistants,
737,medical device sales,1,6221,Technical sales specialists - wholesale trade ,
738,medical lad tech,1,3414,Other assisting occupations in support of health services ,Includes Clinical Laboratory technician 
739,medical office assistant,1,1243,Medical administrative assistants,
740,medical office manager,1,311,Managers in Health Care ,
741,medical radiation technologist,1,3215,Medical radiation technologists,
742,medical sales,1,6221,Technical sales specialists - wholesale trade ,
743,medical secretary,1,1414,Receptionist,Includes Medical Receptionist
744,medical technician,1,3219,Other medical technologists and technicians (except dental health) ,
745,member of civil service,1,4168,Program officers unique to government ,
746,mental healthcare program supervisor,1,423,"Managers in social, community and correctional services",
747,merchandiser,1,6222,Retail and wholesale buyers,
748,merchandiser in retail,1,6222,Retail and wholesale buyers,
749,message therapist,1,3236,Massage Therapists,
750,metallurgist,1,2115,Other professional occupations in physical sciences ,Includes metallurgist
751,middle management,1,114,Other administrative services manager,Unsure of which sector this belongs to.. Chose this as it is relevant to the Management Occupations category and covers a wide variety of possible jobs. 
752,mill operator,1,9431,Sawmill machine operators,
753,mill worker,1,8616,Logging and forestry labourers,
754,milwright,1,7311,Construction millwrights and industrial mechanics,
755,miner,1,8231,Underground production and development miners,
756,modular technician,1,9533,Other wood products assemblers and inspectors ,"Job description outlines setting up, maintaining and inspecting work equipment, and operating spaces. Fit the best in this description. Also a search of ""modular"" brought up this job cartegory immediatley. "
757,mortgage broker,1,1114,Other Financial Officers ,
758,municipal government worker,1,4168,Program officers unique to government ,
759,municipal govnt worker,1,4168,Program officers unique to government ,
760,"music teacher, office administrator",1,1221,Administrative Officers,
761,music therapist,1,3144,Other professional occupations in therapy and assessment ,
762,musician/ reator,1,5133,Musicians and singers,
763,national account manager in sales,1,601,Corporate Sales Managers ,
764,négociateur sur les marchés financiers,1,1113,"Securities agents, investment dealers and brokers",
765,non-profit lobbyist,1,4164,"Social policy researchers, consultants and program officers ",
766,nurse practionner,1,3124,Allied primary health practitioners,
767,nurse rn,1,3012,Registered nurses and registered psychiatric nurses,
768,occupational health and safety,1,2263,Inspectors in public and environmental health and occupational healthy and safety ,
769,occupational health and safety team leader,1,112,Human Resources managers,
770,occupational therapist,1,3143,Occupational therapists,
771,ocean technician,1,2212,Geological and mineral technologists and technicians,"includes various ""Hydro"", ""Water"", ""Sea-"" technician roles"
772,office admin,1,1221,Administrative Officers,
773,office administrator,1,1221,Administrative Officers,
774,office managwr,1,114,Other administrative services manager,
775,officemanager/bookkeeper,1,114,Other administrative services manager,
776,offshore crane operator,1,7371,Crane Operators,
777,oil field worker,1,124,Oil and gas well drilling and related workers and services operators ,
778,oilfield operator,1,8412,Oil and gas well drilling and related workers and services operators ,
779,opérateur,1,9411,"Machine operators, mineral and metal processing ",
780,"operateur de machine fixe, decoupage au laser",1,9411,"Machine operators, mineral and metal processing ",Large category that includes a wide variety of different types of stationary machine operators (However there are A LOT of different catefories with different codes this could fit into) 
781,operateur dèextrudeuse,1,9411,"Machine operators, mineral and metal processing ",
782,opérateur machinerie lourde,1,7521,Heavy equipment operators (except Crane) ,
783,operational training specialist,1,1121,Human Resources professionals ,Includes a variety of training specialists/technicians/consultatns
784,operations cordinator,1,714,Facility operation and maintenance managers ,
785,operations management,1,714,Facility operation and maintenance managers ,
786,opticienne,1,3231,Opticians,
787,ordained minister of evangelical lutheran church in canada,1,4154,Professional occupations in religion  ,
788,organic farmer,1,821,Managers in Agriculture,
789,ouvrier de production dans une usine de maison pré-fabriquée,1,9619,"Other labourers in processing, manufacturing and utilitires ",
790,owner,1,125,Other business services Managers,
791,packaging technician,1,9619,"Other labourers in processing, manufacturing and utilitires ",
792,painter / artist,1,5136,"Painters, sculptors and other visual artists ",
793,painting,1,7611,Construction trades helpers and labourers ,
794,palfrenier,1,8431,General Farm Workers ,Includes Stable Hands 
795,papetier,1,621,Retail and wholesale trade managers ,"a ""stationer"" is someone who manages the sell of stationary materials (According to Google) "
796,paramédic,1,3234,Paramedical occupations ,
797,part time office worker,1,1411,General office support workers,
798,"part time student, part time sales associate",1,6421,Retail salespersons ,
799,parts advisor for car dealership,1,1522,Storekeepers and partspersons ,
800,payment officer,1,1422,Data entry clerks ,"Sounds like a ""payment entry clerk"""
801,payroll administrator,1,1432,Payroll administrator,
802,peace officer - rcmp,1,4311,Police Officers,
803,peintre,1,5136,"Painters, sculptors and other visual artists ",
804,pharmacist,1,3131,Pharmacists,
805,photographe,1,5221,Photographers,
806,physiotherapist,1,3142,Physiotherapist,
807,physiotherapy assistant,1,3237,Other technical occupations in therapy and assessment ,
808,physique,1,3142,Physiotherapist,"""Physical Therapist? "
809,piper fitter super attendant,1,7252,"Steamfitters, pipefitters and sprinkler system installers",
810,plane operator,1,2271,"Air pilots, flight engineers and flying instructors ","ALSO, this kind of sounds like ""planer operator"" (Plane operator is just a weird way of saying pilot… So it also could be 9417 - Machining tool operators"
811,planificateur de réseaux extérieurs en télécommunication,1,211,Engineering Managers,
812,planning and project manager,1,711,Construction managers,
813,plant implementation manager,1,911,Manufacturing managers,
814,plombier,1,7251,Plumber,
815,plumber,1,7251,Plumber,
816,plumber - self employed,1,7251,Plumber,
817,plumber pipe fitter,1,7251,Plumber,
818,police,1,4311,Police Officers,
819,policier ðÿ‘®,1,4311,Police Officers,
820,"policy adviser, public administration",1,4164,"Social Policy researchers, consultants and program officers ",
821,policy analyst,1,4164,"Social Policy researchers, consultants and program officers ",
822,porfessor associates = university,1,4011,University professors and lecturers,
823,portfolio manager,1,1112,Financial and investment analysts,
824,post secondary education,1,,,
825,postal clerk,1,1511,"Mail, postal and related workers ",
826,potato farmer,1,821,Managers in agriculture,
827,pour le ménage,1,,,
828,power engineer,1,2133,Electrical and electronics engineers,
829,power lineman,1,7244,Electrical power line and cable workers,
830,pre-school teacher,1,4214,Early childhood educators and assistants,
831,preneur de son,1,5225,Audio and video recording technicians ,
832,prépose ã  l'entretien ménager,1,4412,"Home support workers, housekeepers and related occupations. ",
833,préposé aux bénificiaires,1,4412,"Home support workers, housekeepers and related occupations. ","a ""Beneficiary Attendant"" is similar to a ""Personal Care Attendant"" or ""PSW"" "
834,preposé d'entretien,1,6733,"Janitors, caretakers and building superintendents ",
835,préposé en entretien ménager,1,4412,"Home support workers, housekeepers and related occupations. ",
836,prepose hygiene salubrite hopital,1,6731,Light duty Cleaners,Includes Hospital cleaners
837,preposée aux beneficiaires,1,4412,"Home support workers, housekeepers and related occupations. ",
838,préposée aux bénéficiaires,1,4412,"Home support workers, housekeepers and related occupations. ",
839,préposée aux personnes agées,1,4412,"Home support workers, housekeepers and related occupations. ",
840,president and coo,1,13,"Senior Managers - financial, communications and other business services",
841,primary support staff with community living,1,4412,"Home support workers, housekeepers and related occupations. ",
842,private contractor,1,7205,"Contractors and supervisors, other construction trades installers, repairers and servicers",
843,process safety manager,1,2263,Inspectors in public and environmental health and occupational healthy and safety ,
844,process server deliver document for the court,1,1251,"Court reporters, medical transcriptionists and related occupations ",
845,procurement sales,1,1225,purchasing agents and officers,
846,product manager,1,601,Corporate sales managers ,Includes product manager
847,producteur agricole,1,8252,"Agricultureal service contractors, farm supervisors and specialized livestock workers",
848,production manager,1,911,Manufacturing managers,
849,professeur,1,4011,University professors and lecturers,
850,professeur d'université,1,4011,University professors and lecturers,
851,professeure université,1,4011,University professors and lecturers,
852,professional accountant,1,1111,Financial auditors and Accountants,
853,professional driver,1,7513,Taxi and limousine drivers and chauffeurs. ,
854,professional engineer,1,2131,Civil Engineers,
855,professional services,1,1122,Professional occupations in business management consulting ,
856,professionnel,1,1122,Professional occupations in business management consulting ,
857,professsional,1,1122,Professional occupations in business management consulting ,
858,program assistant,1,4413,Elementary and secondary school teacher assistants,Includes program assistants in the education sector
859,program coordinator,1,1221,Administrative Officers,
860,program coordinator - refugee/immigration,1,4168,Program officers unique to government ,
861,program facilitator at a family resource centre,1,4212,Social and commiunity service workers,
862,programmer,1,2174,Computer programmers and interactive media developers. ,
863,programmeur analyste en géomatique,1,2255,Technical occupations in geomatics and meteorology ,
864,programmeur machine outils,1,2233,Industrial engineering and manufacturing technologists and technicians ,
865,project coordinator,1,711,Construction managers,
866,project coordinator for consulting firm,1,2171,Information systems analysts and consultants ,
867,property manager,1,714,Facility operation and maintenance managers ,
868,propriétaire d'entreprise,1,125,Other business services managers ,
869,provincial govt,1,4168,Program officers unique to government ,
870,psychologue en pratique privée,1,4151,Psychologists,
871,"psychotherapist, high school teacher",1,4151,Psychologists,
872,public,1,4168,program officers unique to government ,
873,public sector administration,1,1221,Administrative Officers,
874,public servant (provincial),1,4168,program officers unique to government ,
875,publicitaire,1,1123,"Professional occupations in advertising, marketing and public relations ",
876,puppetier - do puppet shows,1,5232,"Other performers, n.e.c.",
877,quality assurance manager,1,2233,Industrial engineering and manufacturing technologists and technicians ,Includes quality assurance technologist 
878,quality laboratory affairs manager,1,212,Architecture and science managers ,Includes laboratory managers
879,r&d - software development engineer,1,2173,Computer programmers and interactive media developers. ,
880,radio technologist,1,3215,Medical radiation technologists,"Im assuming this is referring to ""radiologist"" and not radio broadcasting "
881,radiology technologist,1,3215,Medical radiation technologists,
882,rancher,1,821,Managers in agriculture,
883,rcaf,1,4313,Non-commissioned ranks of the Canadian Forces,Royal Canadian Airforce 
884,rcmp,1,4311,Police Officers,
885,real estate,1,6232,Real estate agents and salespersons ,
886,real estate agent,1,6232,Real estate agents and salespersons ,
887,real estate assessor,1,1314,"Assessors, valuators and appraisors ",
888,real estate broker,1,6232,Real estate agents and salespersons ,
889,real estate developer,1,121,"Insurance, real estate and financial brokerage managers ",
890,real estate development,1,121,"Insurance, real estate and financial brokerage managers ",
891,real estate development manager,1,121,"Insurance, real estate and financial brokerage managers ",
892,real estate sales,1,6232,Real estate agents and salespersons ,
893,real estate sales rep.,1,6232,Real estate agents and salespersons ,
894,reciver,1,1521,Shippers and receivers,
895,refrigeration worker,1,7332,Appliance servicers and repairers ,
896,regional manager,1,601,Corporate sales managers ,
897,regional sales manager,1,601,Corporate sales managers ,
898,registered nurse and a oyster-fisherman as well,1,3012,Registered nurses and registered psychiatric nurses,
899,registered practical nurse,1,3012,Registered nurses and registered psychiatric nurses,
900,registrer,1,,,
901,remote survey interviewer,1,1454,Survey interviewers and statistical clerks,
902,renovateur apres sinistre,1,712,Home building and renovation managers,
903,report writer,1,5123,Journalists,
904,représentant,1,6552,Other customer and information services representatives ,
905,représentant d'agence,1,6552,Other customer and information services representatives ,
906,représentant medical,1,3414,Other assisting occupations in support of health services ,
907,"représentante pour une compagnie d,assurance",1,1312,Insurance adjusters and claims examiners,
908,représentante service client,1,6552,Other customer and information services representatives ,
909,research assistant,1,4012,Post-secondary teaching and research assistants,
910,resident attendant,1,4412,"Home support workers, housekeepers and related occupations. ",
911,resident physician,1,3112,General Practitioners and family physicians ,
912,residential support worker,1,4412,"Home support workers, housekeepers and related occupations. ",
913,resource management,1,2223,Forestry technologists and technicians ,
914,respiratory therapist,1,3214,"Respiratory therapists, clinical perfusionists and cardipulmonary technologists",
915,responsable de service de garde en milieu familial subventionné,1,4412,Home childcare providers,
916,ressource humaine,1,1121,Human Resources professionals ,
917,ressources humaines,1,1121,Human Resources professionals ,
918,restoration sales specialist,1,6411,Sales and account representatives - wholesale trade (non-technical) ,
919,retail - warehouse,1,6421,Retail salesperson,
920,retail and student,1,6421,Retail salesperson,
921,retail clerk,1,6421,Retail salesperson,
922,retail management,1,621,Retail and wholesale trade managers,
923,retail manager,1,621,Retail and wholesale trade managers,
924,retail sales,1,6421,Retail salesperson,
925,retail sales manager,1,621,Retail and wholesale trade managers,
926,retail store manager,1,621,Retail and wholesale trade managers,
927,retial,1,6421,Retail salesperson,
928,retired and investor,1,122,"Banking, credit and other investment managers ",
929,retired and working,1,,,
930,retired builder,1,712,Home building and renovation managers,
931,"retired but currently working full time in customer service, home improvement and telecommunications",1,6421,Retail salespersons ,
932,retired but teaching part time.,1,4032,Elementary school and kindergarten teachers,
933,retired contractor,1,7205,"Contractors and supervisors, other construction trades installers, repairers and servicers",
934,retired educator,1,4032,Elementary school and kindergarten teachers,
935,retired law clerk,1,4211,Paralegal and related occupations ,
936,retired lawyer,1,4112,Lawyers and Quebec Notaries,
937,retired military,1,4313,Non-commissioned ranks of the Canadian Armed Forces,
938,retired school principal,1,422,School principals and administrators of elementary and secondary education. ,
939,retired teacher,1,4032,Elementary school and kindergarten teachers,
940,"retired, casual worker",1,,,
941,"retired, farming, and par-time rural mail delivery",1,1512,Letter carriers,Includes rural mail carrier
942,"retired, now consulting in it.",1,2171,Information systems analysts and consultants ,
943,"retired, teaching in 2nd career",1,4032,Elementary school and kindergarten teachers,
944,retired.,1,,,
945,retired/consulting,1,125,Other business services managers,
946,retired4,1,,,
947,retraite,1,,,
948,retraité/ chauffeur,1,7513,Taxi and limousine drivers and chauffeurs. ,
949,risk analyst,1,1112,Financial and investment analysts,
950,rtf  (ressources de type familiale),1,4212,Social and community service workers ,
951,"run an onlie company, i m president of that company",1,125,Other business services managers,
952,rv tech,1,9226,"Supervisors, other mechanical and metal products manufacturing ",
953,safety professional,1,2263,Inspectors in public and environmental health and occupational healthy and safety ,
954,sales (agricultural),1,6221,Technical sales specialists - wholesale trade ,
955,sales associate,1,6421,Retail salespersons,
956,sales engineer,1,6221,Technical sales specialists - wholesale trade ,
957,sales manager,1,621,Retail and wholesale trade managers,
958,sales of electrical products,1,6221,Technical sales specialists - wholesale trade ,
959,sales person,1,6421,Retail salespersons,
960,sales postion,1,6421,Retail salespersons,
961,sales rep & musician,1,6421,Retail salespersons,
962,sales representatives,1,6421,Retail salespersons,
963,sales worker at ikea,1,6421,Retail salespersons,
964,salesman,1,6421,Retail salespersons,
965,salesperson,1,6421,Retail salespersons,
966,salesperson - sales manager/wholesaler for a liquour company,1,6421,Retail salespersons,
967,scheduler at a university,1,1221,Administrative Officers,
968,school,1,,,
969,school receptionist,1,1241,Administrative Assistants,Includes School Secretary 
970,screening officer,1,6541,Security guards and related security service occupations ,
971,seafood worker,1,9463,Fish and seafood plant workers,
972,secrétaire administrative,1,1241,Administrative assistants,
973,secrétaire comptable,1,1311,Accounting technicians and bookkeepers,
974,secteur manufacturier,1,9619,"Other labourers in processing, manufacturing and utilitires ",
975,security consultant,1,6541,Security guards and related security service occupations ,
976,security guard.,1,6541,Security guards and related security service occupations ,
977,security manager,1,6541,Security guards and related security service occupations ,
978,security officer,1,6541,Security guards and related security service occupations ,
979,self employed - farm/agriculture specialist,1,2123,"Agriculture representatives, consultants and specialists",
980,"self employed - human resources, training &development",1,1121,Human resources professionals ,
981,self employed - management and small business owner,1,125,Other business services managers,
982,self employed - tv and media - co-owner of a tv channel,1,512,"Managers - Publishing, motion pictures, broadcasting and performing arts ",
983,self employed bookkeeper,1,1311,Accounting technicians and bookkeepers,
984,self employed healthcare provider,1,3124,Allied primary health practitioners,
985,self employed in human resources,1,1121,Human resources professionals ,
986,self employed minister,1,4154,Professional occupations in religion ,
987,self employed programmer,1,2174,Computer programmers and interactive media developers. ,
988,self employeed - steam cleaning,1,6732,Specialized Cleaners,
989,self-employed (arts),1,5136,"Painters, sculptors and other visual artists ",
990,self-employed and university research assistant,1,4012,Post-secondary teaching and research assistants,
991,"self-employed, general contractor",1,711,Construction Managers,
992,selfemploed,1,,,
993,semi - retired and drive a cab,1,7513,taxi and limousine drivers and chauffeurs. ,
994,semi retired teacher,1,4032,Elementary school and kindergarten teachers,
995,semi-retired: work a very few hours part-time and do volunteer work.,1,,,
996,senior director of finance,1,13,"Senior managers - financial, communications and other business services",
997,senior management in advertising,1,124,"Advertising, marketing and public relations managers",
998,"senior manager, marketing communications",1,124,"Advertising, marketing and public relations managers",
999,senior policy analyst,1,1121,Human resources Professionals ,Includes policy analysts
1000,senior project manager,1,711,Construction Managers,
1001,senior project manager of international development projects,1,4163,Business development officers and marketing researchers and consultants ,
1002,server at a restaurant,1,6513,Food and beverage servers ,
1003,service industry,1,6552,Other customer and information services representatives ,
1004,service technician,1,7445,Other repairers and servicers,
1005,services financiers,1,6235,Financial sales representatives ,
1006,settlement worker and linc instructor,1,4212,Social and community service workers ,
1007,ship's captain,1,731,Managers in transportation ,
1008,shipyard,1,7612,Other trades helpers and labourers,
1009,shop supervisor,1,7301,"Contractors and supervisors, mechanic trades ",includes shop supervisor 
1010,sign language interpreter,1,5125,"Translators, terminologists and interpretors",
1011,signaleur routier,1,7611,Construction trades helpers and labourers ,
1012,skilled trade/manufacturing,1,9619,"Other labourers in processing, manufacturing and utilitires ",
1013,small business owners .(body removers),1,4165,"Health policy researchers, consultants and program officers ",Includes Coroners (who are responsible for body removal?) 
1014,social housing,1,4164,"Social policy researchers, consultants and program officers ",
1015,social work,1,4152,Social workers ,
1016,social work/counsellor,1,4152,Social workers ,
1017,social worker & operate a small business,1,4152,Social workers ,
1018,software,1,2174,Computer programmers and interactive media developers. ,
1019,software developper,1,2174,Computer programmers and interactive media developers. ,
1020,software product manager,1,213,Computer and information systems managers,
1021,software tester,1,2283,Information systems testing technicians ,
1022,sofware developper,1,2174,Computer programmers and interactive media developers,
1023,special education assistant,1,4215,Instructors of persons with disabiltiies ,
1024,special needs on school bus,1,7512,"Bus drivers, subway operators and other transit operators. ",
1025,spécialiste contrôle qualité,1,2233,Industrial engineering and manufacturing technologists and technicians ,
1026,speech and language pathologist,1,3141,Audiologists and speech-language pathologists,
1027,sports retail owner,1,621,Retail and wholsale trade managers ,
1028,sr. b2b inside sales,1,6221,Technical sales specialists - wholesale trade ,
1029,stage hand,1,5227,"Support occupations in motion pictures, broadcasting, photography and the performing arts ",
1030,station attendant,1,6621,Service station attendants ,
1031,stay at home dad,1,,,
1032,stay at home mom/rancher,1,821,Managers in agriculture ,
1033,steelworker,1,7201,"Contractors and supervisors, maching, metal forming, shaping and erecting trades and related occupations ",
1034,stevador,1,7533,Boat and cable ferry operators and related occupations ,a Stevador works on the docks loading and unloading cargo 
1035,store clerk,1,1522,Storekeepers and partspersons ,
1036,student (university undergraduate),1,,,
1037,student and care aid,1,4412,"Homre support workers, housekeepers and related occupations ",Personal Care attendant 
1038,student and federal employee,1,4168,Program officers unique to government ,
1039,student federal employee,1,4168,Program officers unique to government ,
1040,student full time working part time in an hospital,1,3414,Other assisting occupations in support of health services ,
1041,student marker,1,4012,Post-secondary teaching and research assistants,
1042,student teacher,1,4012,Post-secondary teaching and research assistants,
1043,student that works,1,,,
1044,"student, however, i work with the federal government part time",1,4168,Program officers unique to government ,
1045,"student, youth care worker",1,4212,Social and community service workers ,
1046,student/ part time worker,1,,,
1047,student/junior policy analyst,1,4164,"Social policy researchers, consultants and program officers",
1048,superviseur des opérations,1,1211,"Supervisors, general office and administrative support workers ",includes operations supervisors
1049,superviseur ville de laval,1,411,Government managers - health and social policy development and program administration ,
1050,supervisor for heavy civil construction,1,7302,"Cotractos and supervisors, heavy equipment operator crews",
1051,supervisor maintenance,1,6315,Cleaning Supervisors,
1052,suppléante enseignement primaire,1,4032,Elementary school and kindergarten teachers,
1053,supply technician for the military,1,4313,Non-commissioned ranks of the Canadian Armed Forces,
1054,surgeon,1,3111,Speicialist physicians ,
1055,surintendant,1,6733,"Janitors, caretakers and building superintendents ",
1056,surintendant aux opérations,1,6733,"Janitors, caretakers and building superintendents ",
1057,survey engineer,1,2131,Civil engineers,
1058,systems engineer,1,2131,Civil engineers,
1059,systems manager,1,213,Computer and information systems managers,
1060,taper,1,7284,"Plasterers, drywall installers and finishers and lathers",
1061,tax auditor,1,1111,Financial auditors and Accountants,
1062,"taxi driver, full time and english tutor, part-time",1,7513,taxi and limousine drivers and chauffeurs. ,
1063,teacher - elementary and secondary,1,4032,Elementary school and kindergarten teachers,
1064,teacher (private),1,4032,Elementary school and kindergarten teachers,
1065,teacher catholic,1,4032,Elementary school and kindergarten teachers,
1066,teacher's aid,1,4413,elementary and secondary school teacher assistants,
1067,teacher's assistant and homemaker,1,4413,elementary and secondary school teacher assistants,
1068,teaching,1,4032,Elementary school and kindergarten teachers,
1069,teaching children programming codes,1,4032,Elementary school and kindergarten teachers,
1070,tech startup,1,213,Computer and information systems managers,
1071,technical analyst,1,2171,Information systems analysts and consultants ,
1072,technical engineer,1,2131,Civil Engineers,
1073,technician technology,1,2283,Information systems testing technicians ,
1074,technicien ã  la fabrication de c'blage,1,2242,Electronic service technicians (housegold and business equipment) ,
1075,technicien comptable,1,1311,Accounting technicians and bookkeepers,
1076,technicien en génie civile,1,2231,Civil engineering technologists and technicians ,
1077,technicien en génie électrique,1,2241,Electrical and electronics engineering technologists and technicians ,
1078,technicien en informatique,1,2283,Information systems testing technicians ,
1079,technicien en mécanique,1,7301,"Contractors and supervisors, mechanic trades ",
1080,technicien en mecanique de batiment,1,7301,"Contractors and supervisors, mechanic trades ",
1081,technicien en télécommunication   â«cable guyâ»,1,7244,Electrical power line and cable workers,
1082,technicien en traitement des eaux,1,9243,Water and waste treatments plant operators ,
1083,technicien informatique,1,2283,Information systems testing technicians ,
1084,technicien service en soin de snté,1,3219,Other medical technologists and technicians (except dental health) ,
1085,technicienne en administration réseau de la santé,1,3219,Other medical technologists and technicians (except dental health) ,
1086,technicienne en laboratoire,1,3219,Other medical technologists and technicians (except dental health) ,
1087,technicienne en organisation scolaire,1,4166,"Education policy researchers, consultants and program officers ",Includes various operations and program coordinators 
1088,technicienne en pharmacie,1,3219,Other medical technologists and technicians (except dental health) ,
1089,technicienne en santé animale,1,3213,Animal health technologists and veterinary technicians,
1090,techniciennes en verification,1,2233,Industrial engineering and manufacturing technologists and technicians ,Includes Quality Assurance technologist 
1091,technitien aux travaux pratiques,1,3219,Other medical technologists and technicians (except dental health) ,
1092,technologist télécomunication,1,7202,"Contractors and supervisors, electrical trades and telecommunications occupations ",
1093,technologue en génie biomédical,1,2241,Electrical and electronics engineering technologists and technicians ,
1094,technology,1,2171,Information systems analysts and consultants ,
1095,technology consultant,1,2171,Information systems analysts and consultants ,
1096,telecommunications rigger,1,5227,"Support occupations in motion pictures, broadcasting, photography and the performing arts ","Includes various ""riggers"" "
1097,telecommunications technologist,1,7202,"Contractors and supervisors, electrical trades and telecommunications occupations ",
1098,telephone interviewer - research,1,1454,Survey interviewers and statistical clerks,
1099,textile worker,1,9616,Labourers in textile processing ,
1100,thérapeute en réadaptation physique (temps plein) enseignant collégial (chargé de cours temps partiel),1,3142,Physiotherapists ,
1101,tile setter,1,7611,Construction trades helpers and labourers ,
1102,tim,1,,,
1103,tool and die maker,1,7232,Tool and die makers,
1104,toolmaker,1,7232,Tool and die makers,
1105,trades person,1,7205,"Contractors and supervisors, other construction trades, installers, repairers and services ",
1106,trades trainer,1,4021,college and other vocational instructors ,
1107,tradesman - electrical,1,7202,"Contractors and supervisors, electrical trades and telecommunications occupations ",
1108,tradesman construction,1,7205,"Contractors and supervisors, other construction trades, installers, repairers and services ",
1109,traductrice,1,5125,"Translators, terminologists and interpretors",
1110,trainer for representatives in a call center,1,6314,Customer and information services supervisors,
1111,transportation of foodstuffs,1,7514,Delivery and courier service drivers ,
1112,travail de bureau,1,1411,General office support workers ,
1113,travail de production dans une usine de pate et papier,1,9235,"Pulping, papernaking and coating control operators",
1114,travaille en phsycologie,1,4151,Psychologist,
1115,travailleur autonome,1,,,
1116,travailleur autonome : comptable-fiscaliste,1,1111,financial auditors and Accountants,
1117,travailleur autonome dans le domaine agricole,1,8431,General Farm Workers,
1118,travailleur autonome dans le domaine artistique,1,5136,"Painters, sculptors and other visual artists ",
1119,travailleur autonome dans le domaine événementiel,1,1226,Conference and event planners,
1120,travailleur autonome et aussi avec les enfants,1,,,
1121,travailleur autonome et retraitée du secteur de l'éducation,1,4166,"education policy researchers, consultants and program officers ",
1122,"travailleur autonome, fabrication de bijoux",1,6344,"Jewellers, jewellery and watch repairers and related occupations. ",
1123,travailleur social,1,4152,Social Workers,
1124,"travailleure autonome en administration, comptabilité",1,1111,Financial auditors and Accountants,
1125,travailleuse autonome,1,,,
1126,travailleuse.sociale,1,4152,Social Workers,
1127,truckdriver,1,7511,Transport Truck Drivers ,
1128,trucker,1,7511,Transport Truck Drivers ,
1129,tweed tender,1,6421,Retail salespersons,
1130,underground miner,1,8231,Underground production and development miners,
1131,union representative,1,1121,Human resources professionals ,
1132,union research representative,1,4164,"social policy researchers, consultants and program offices ",
1133,unit clerk in a hospital,1,1252,Health information management occupations ,
1134,university professor,1,4011,University professors and lecturers,
1135,university student,1,,,
1136,university student/security officer,1,6541,Security guards and related security service occupations ,
1137,utilities,1,9613,Labourers in chemical products processing and utilities ,
1138,vendeuse,1,6221,Technical sales specialists - wholesale trade ,
1139,vendeuse dans un commerce,1,6221,Technical sales specialists - wholesale trade ,
1140,vente au details,1,6421,Retail salespersons,
1141,verificatrice,1,2233,Industrial engineering and manufacturing technologists and technicians ,
1142,veterinarian,1,3114,Veterinarians,
1143,vice president,1,15,"Senior Managers - trade, broadcasting and other services, n.e.c. ",
1144,vice president contractor,1,15,"Senior Managers - trade, broadcasting and other services, n.e.c. ",
1145,vice president of a coorporation,1,13,"Senior manager -financial, communications and other business services ",
1146,vice president of operations for an international company,1,13,"Senior manager -financial, communications and other business services ",
1147,vice principal,1,422,School principals and administrators of elementary and secondary education. ,
1148,visitor experience coordinator,1,6552,Other customer and information services representatives ,
1149,visual art and communication,1,5136,"Painters, sculptors and other visual artists ",
1150,vp - global operations,1,15,"Senior Managers - trade, broadcasting and other services, n.e.c. ",
1151,warehouse attendant,1,7452,Material handlers,
1152,warehouse manager,1,714,Facility operation and maintenance managers ,
1153,waste water operator,1,9243,Water and waste treatments plant operators ,
1154,welder (entrepreneur),1,7237,Welders and related machine operators,
1155,weldering or trades,1,7237,Welders and related machine operators,
1156,welding/farming,1,7237,Welders and related machine operators,
1157,wild fire,1,4312,Firefighters,
1158,work at home depot,1,6421,Retail salespersons,
1159,work at insurance,1,1312,Insurance adjusters and claims examiners,
1160,work for a bank,1,1434,"Banking, insurance and other financial clerks ",
1161,work for government,1,4168,Program officers unique to government ,
1162,work for population growth office,1,1411,General office support workers ,"Works with records management, filing etc. "
1163,work for the gov't,1,4168,Program officers unique to government ,
1164,work for the government,1,4168,Program officers unique to government ,
1165,work in a welding fabrication shop,1,9612,Labourers in metal fabrication ,
1166,work in customer service,1,6552,Other customer and information services representatives ,
1167,work in health care,1,3414,Other assisting occupations in support of health services ,
1168,work in retail,1,6421,Retail salespersons,
1169,work in the oil industry,1,8412,Oil and gas well drilling and related workers and services operators ,
1170,working at a nursing home- student,1,3414,Other assisting occupations in support of health services ,
1171,works in a grocery store,1,6622,"Store shelf stockers, clerks and order fillers",
1172,writer,1,5121,Authors and writers,
1173,youth care worker,1,4212,Social and community service workers ,
1174,"zomboni driver, shift duty engineer",1,6722,"Operators and attendants in amusement, recreation and sport ",